{"cameraMode":{"drawMode":0,"name":"Shaded","section":"Shading Mode"},"sceneLighting":false,"audioPlay":false,"sceneViewState":{"showFog":true,"showMaterialUpdate":false,"showSkybox":false,"showFlares":true,"showImageEffects":true,"showParticleSystems":true},"in2DMode":false,"pivot":{"x":0.19432176649570466,"y":0.4192727208137512,"z":1.0744118690490723},"rotation":{"x":-0.02936726063489914,"y":0.957314133644104,"z":-0.2677381634712219,"w":-0.10497978329658508},"size":1.5000001192092896,"orthographic":false}