{"cameraMode":{"drawMode":0,"name":"Shaded","section":"Shading Mode"},"sceneLighting":false,"audioPlay":false,"sceneViewState":{"showFog":true,"showMaterialUpdate":false,"showSkybox":false,"showFlares":true,"showImageEffects":true,"showParticleSystems":true},"in2DMode":false,"pivot":{"x":1.57058584690094,"y":-0.9998659491539002,"z":-2.384185791015625e-7},"rotation":{"x":0.37304458022117617,"y":0.5532702803611755,"z":-0.303392618894577,"w":0.6802260875701904},"size":2.390989303588867,"orthographic":false}